MessageId,Suspicious_Level
168641,1
36569,1
19697,1
49296,1
11784,1
48960,2
168567,3
24176,1
122178,1
208223,1
11786,1
208959,1
48967,1
31641,2
36540,1
122216,1
122235,1
51892,2
34824,2
122206,1
122188,1
122167,1
208288,2
31640,1
19702,1
208248,2
168576,1
34808,1
208335,1
208358,1
40770,1
15690,2
51871,2
168651,1
168539,1
51882,1
208403,2
208215,1
19603,2
23166,1
49280,3
34819,1
6354,1
214821,1
208327,1
122261,1
214855,1
24171,2
7633,1
168608,1
208944,1
208214,1
51912,1
208245,1
48924,2
168604,3
4244,1
168580,1
49319,1
15685,1
4247,1
49291,1
12086,2
65789,2
48934,1
65796,1
49246,1
168654,3
48941,2
49276,1
208270,1
49309,3
168538,3
6714,3
15489,2
208349,1
4249,1
6713,2
208281,1
168631,1
49289,1
15490,1
168624,3
168647,1
168555,1
50443,1
214792,2
208384,2
214797,3
122211,1
122194,1
47463,2
122272,1
6722,1
46512,2
209057,1
65792,1
49290,1
208949,1
47461,1
122192,1
19699,1
208337,1
168583,1
47446,1
34834,1
47447,1
49271,1
168630,2
122270,1
214825,1
28353,2
12089,1
65809,1
65799,1
34815,2
19607,2
209008,1
208404,3
208317,1
208266,1
51911,1
49279,2
34794,2
10129,1
168640,1
36560,1
168642,2
122266,1
168611,1
214890,1
34807,1
168657,1
12192,1
47462,1
51888,1
168591,1
208374,3
16232,3
31653,1
168619,1
208259,1
208435,1
46485,2
168529,3
122166,1
209065,1
168573,1
208261,1
6161,1
31636,1
19599,3
46509,1
168566,1
122193,1
214852,3
214872,2
122238,1
23177,1
7637,1
214784,1
48953,1
48946,1
50436,2
214856,1
49258,3
15594,2
5890,1
24168,2
46496,1
208367,1
10558,2
23180,2
28355,1
208272,1
15599,1
209003,1
208235,3
208258,1
49310,1
208362,1
48964,1
214790,1
209061,1
15213,1
122164,1
23174,2
5877,1
208438,1
47438,2
23169,1
15487,3
34792,1
31647,3
168531,2
36570,3
15675,2
51895,3
209070,1
168589,2
7638,1
208209,1
214865,1
49270,2
28359,1
214868,1
168650,1
208987,1
12084,1
36527,1
122240,1
168602,1
10559,1
19604,1
214799,1
208988,2
208319,1
168561,1
36555,1
49253,2
122229,1
65788,1
168653,1
4242,1
51851,1
51898,1
209016,1
51870,3
208247,2
168616,3
34806,1
65786,3
19691,1
15680,1
208354,1
208228,2
12199,2
19696,1
16228,3
208229,2
19708,1
208236,1
168623,1
15660,2
36556,1
34818,1
209052,1
34827,2
11788,1
208405,3
209091,1
122260,1
46527,1
122169,1
208381,3
208328,1
209022,1
208342,1
19713,1
47460,1
20514,1
7103,1
208376,1
122163,2
6156,1
168621,1
40775,3
208238,1
214891,1
208994,1
65804,1
214817,2
23181,1
48958,1
209036,1
12783,1
214874,1
49295,1
12786,1
65805,1
209034,1
34823,1
122264,1
49267,1
208292,1
6717,1
214871,2
65807,1
50434,3
48954,1
13224,1
12200,1
49249,1
12092,1
208407,1
48927,3
65810,1
31643,1
49316,1
168649,2
208385,1
208371,1
122195,1
208274,1
122184,1
168605,2
28354,1
3885,3
122210,2
49292,2
214811,1
168564,1
49300,1
48955,1
122189,1
49293,1
36546,3
214785,1
19608,1
208413,1
46506,1
208428,1
47464,1
48923,1
208210,1
51866,1
168558,1
168554,2
168556,1
208253,2
49315,3
6719,1
214851,1
15678,1
40767,1
50445,1
209049,1
40760,2
208361,3
65798,2
46490,1
15493,1
122205,1
122244,1
168565,1
122223,1
49275,1
208204,2
122269,2
208359,1
168645,1
48928,1
40765,1
46507,1
46516,1
214786,1
47448,1
208213,2
208231,1
7632,1
49250,1
209067,1
48931,1
6715,1
3883,2
208437,2
49268,1
48945,1
208401,1
47459,1
15600,1
19611,1
171674,1
209033,2
49281,3
34810,1
48929,1
6157,1
49285,1
65787,1
31639,1
34787,2
50442,1
49312,1
65793,1
15491,1
12098,2
209028,1
214782,1
208360,1
214854,2
34788,1
122185,1
10554,1
23178,1
50441,2
19692,1
214813,1
209025,1
208322,1
47450,1
12087,1
122232,1
214798,1
208425,1
49299,1
214869,1
214777,1
46528,2
10128,1
12090,1
49263,2
28356,1
168627,3
208406,1
16233,1
209090,1
34803,1
40778,2
214882,1
65816,1
122228,1
31644,1
208330,1
208243,1
208268,1
209048,1
46484,1
209077,1
208945,1
31650,1
48940,1
10555,1
46513,1
214812,2
208263,2
168612,1
49273,1
208366,1
50444,2
46510,1
34828,1
12188,1
122250,1
48956,1
168603,3
208255,1
168620,1
214848,1
168655,1
40776,1
168581,1
5873,1
208976,1
36514,3
122218,1
46502,1
51913,3
122224,1
208334,1
49284,1
122175,1
208321,2
11787,1
168652,1
208262,1
46515,2
65782,1
19601,1
49288,1
208372,2
209053,1
49247,1
214849,1
40769,1
36544,1
34791,1
168638,1
208273,1
214840,1
48932,1
122263,1
46493,2
168545,1
47455,1
208191,1
15665,1
46517,1
209045,1
34799,1
208278,1
46488,1
168594,2
51916,1
28352,1
4243,3
168559,1
168598,1
49308,3
47437,3
19698,1
16230,3
208217,1
214787,1
51858,2
51903,2
214776,1
23184,1
208312,1
34814,1
209042,1
11785,1
51900,1
48947,1
23179,3
208301,1
168563,1
65783,1
15659,2
214802,1
15684,2
209039,1
65784,1
48961,1
12097,1
214885,1
49278,1
168587,1
209040,1
48930,1
65820,1
65780,1
49294,2
214876,3
51861,2
214780,1
47440,1
208369,1
65801,2
65811,1
214820,1
168590,1
46492,1
51862,1
168574,1
209020,1
12093,1
34833,1
208373,1
65785,1
208399,1
11782,1
208958,1
208356,1
16231,1
122174,3
23175,1
208390,1
208311,1
168600,1
49259,2
49251,1
48959,1
49313,2
49305,1
208267,1
122230,1
31642,1
15494,2
168609,1
208421,1
214883,1
208993,1
6720,1
214870,1
214888,1
12190,3
208276,2
36541,1
214778,1
214858,3
46514,2
6160,1
209043,1
208306,2
3879,2
34832,1
208440,3
49304,1
50447,2
40764,1
122227,1
208304,1
51886,1
49286,1
46504,1
65806,1
11780,2
48942,1
209030,1
15662,1
208960,1
48965,1
208415,2
49260,1
34825,1
24172,1
51852,1
7634,1
209019,1
209011,1
214819,2
168593,1
208383,2
208287,1
34822,2
34813,1
209075,1
34816,1
65815,1
47445,1
51893,2
12196,3
214801,1
40777,1
214795,1
168629,1
122262,1
15215,1
209014,1
12091,1
19694,1
209005,1
122198,1
168568,1
15692,2
208256,1
10561,1
214842,1
208963,1
208992,1
168596,1
15597,2
49274,2
208955,1
50438,2
48938,1
23183,3
208246,1
49298,2
208257,3
12094,1
51868,1
15664,1
214886,1
51859,1
208982,1
65791,1
122243,1
46478,1
19605,1
48943,1
214857,1
51856,1
122220,1
12088,1
12085,1
36536,2
16229,1
122173,2
168606,1
122241,1
12195,1
208395,1
208244,1
65797,1
23170,1
6347,1
6711,1
34797,1
31637,1
208212,1
10562,2
12189,2
49266,1
19700,1
23168,1
34801,1
49277,1
34805,3
10550,1
47442,3
49261,1
214779,1
208250,1
208969,1
214864,1
214866,1
34800,1
122176,3
36520,1
168628,3
214884,1
31651,3
208280,1
46523,1
49287,1
48937,1
209031,1
122271,1
15677,2
122172,1
122197,1
47452,1
209009,1
49283,1
47469,3
34795,1
46521,1
23176,1
40774,1
48966,1
47443,2
6158,1
209092,1
40773,1
46494,1
12193,1
51896,2
50440,2
214873,1
122207,1
122274,1
5889,1
15687,2
10564,2
48962,1
15679,1
5875,1
47444,1
214800,1
11789,1
209010,1
208400,1
12787,1
46501,1
208201,1
209073,1
208965,1
31646,1
122231,3
48939,1
34809,1
122258,1
15595,1
10551,3
122165,1
34826,1
168618,2
209072,1
122234,1
168582,1
208962,1
6721,2
208420,2
214867,1
168658,1
168637,1
15688,1
209078,2
28351,1
208370,1
208230,1
209018,1
208331,1
122273,1
48948,1
23173,1
46483,1
46511,1
208978,1
15681,1
34802,3
46508,1
168615,1
51860,2
214783,1
122259,1
10132,1
51890,2
208351,2
34796,1
168610,1
208298,1
214846,1
46481,1
208981,2
209060,1
49272,1
51897,2
209074,1
49314,1
168532,1
5878,1
208324,1
214875,1
28360,1
122252,2
168569,2
122246,1
34821,1
208410,1
6710,2
122201,1
168533,2
168585,1
209081,2
171683,1
209026,1
122204,1
40763,1
214789,1
19600,2
48935,1
208394,2
208234,2
208375,1
208999,1
208967,1
214823,1
208956,1
40766,2
46500,1
12095,1
168572,1
19693,1
122222,1
208216,1
10552,3
51887,2
40784,1
49306,1
24175,1
208260,1
6155,1
15492,1
208380,2
208971,1
31634,2
6724,3
34829,1
214791,1
208389,1
48952,1
49317,3
208207,1
20513,2
12191,1
208194,1
208225,1
23182,1
168523,1
168577,1
51894,2
122196,1
168526,1
34811,1
122171,3
65812,1
122209,1
214835,1
214775,1
208237,1
168646,3
209037,1
208297,1
15211,1
65790,1
46498,2
51867,1
168601,1
208392,1
36565,1
208974,1
11778,1
49282,3
208353,1
208251,1
48950,1
48933,2
168570,1
208290,1
15212,1
51902,3
209013,1
12784,1
19606,3
122236,1
168639,2
168534,2
4248,1
5888,1
209000,1
208952,1
48925,1
31633,1
65818,1
65795,1
46482,1
168579,2
122208,1
208402,1
208391,1
7635,2
214847,1
168578,1
65814,1
46522,1
65817,1
12194,1
214887,2
51918,2
47453,2
122187,2
6716,1
208953,1
208232,2
36573,1
208414,1
208341,3
15598,1
48968,1
3882,1
48957,2
214850,3
168643,1
208986,1
122168,1
208325,1
214781,1
65778,1
214833,2
208221,1
208355,1
122203,1
46479,1
208416,1
34789,1
208948,1
168522,1
34817,1
209021,1
46505,1
40781,1
34820,1
208226,1
65813,1
208220,1
208348,1
168521,1
214836,1
214843,1
47449,2
214815,1
208430,1
208357,1
208995,1
208951,1
122265,1
4250,1
168607,1
122186,2
168527,1
48936,2
5876,2
31645,2
209069,1
122233,2
48963,1
122212,1
209015,1
208269,1
40762,2
65781,2
209068,1
168632,1
15689,2
214889,1
208439,1
214796,1
6712,1
36524,1
214841,1
209051,1
208942,1
28350,2
17286,1
168584,3
65819,1
23164,1
214837,3
5879,1
208284,2
6162,2
47441,1
24169,1
46520,2
122239,1
49255,3
122213,1
49248,2
122183,2
122200,1
168656,1
209055,1
7636,2
214818,1
40761,1
214810,1
208417,2
6718,1
208436,2
23165,1
208254,1
28358,2
208271,1
168617,1
48944,1
208283,1
36513,3
36545,1
208422,1
208293,1
40779,2
168530,1
15686,1
209058,1
214803,1
23171,1
6723,1
208980,1
31648,1
48949,2
36533,1
11783,1
46518,1
46495,1
208314,2
208396,3
49303,1
49269,1
15218,1
4246,1
65802,1
168562,1
12083,2
46491,1
49318,1
34812,1
17284,3
168636,2
65779,1
168635,2
34830,1
214845,1
36567,1
5881,1
13225,1
40782,2
208318,1
13226,1
208300,2
208434,1
122242,2
47451,1
208224,1
214814,1
50439,1
214826,1
46477,1
47439,1
208200,1
51854,1
49297,2
24170,1
34798,1
208265,1
11777,1
208320,1
51872,2
5880,1
24173,3
208285,1
214892,3
46503,1
168537,2
214844,2
34804,1
47436,1
34793,1
168571,1
214824,1
23172,1
214838,1
208412,1
208313,1
34831,1
36542,3
15682,1
168644,1
65794,1
208424,1
50446,2
15663,1
49252,1
122245,1
208427,1
208323,1
208346,1
208202,1
65808,2
208227,1
10556,2
19609,1
168595,1
168599,1
168536,1
46489,1
15217,1
209063,1
208983,1
208973,1
51904,1
19602,1
168633,1
31638,1
208294,1
168575,1
19695,1
122170,1
168613,1
214822,1
65800,1
15488,1
208411,1
208333,1
34790,1
46480,2
12781,2
47467,1
208199,1
209085,2
214793,1
122199,1
214794,3
122177,1
40785,1
15661,1
214853,1
49254,2
214834,1
214816,1
6159,2
23185,2
46499,1
4245,1
47454,1
214788,1
122190,1
19610,1
15658,1
