MessageId,NaiveBayes_Suspicious_Level_0,NaiveBayes_Suspicious_Level_1,NaiveBayes_Suspicious_Level_2
168641,0.004438314,0.0036748282,0.00021275548
36569,0.01750563,0.00024304059,0.00055235525
19697,0.99839455,0.00042812736,0.0006870629
49296,0.11916374,0.008812666,0.01395376
11784,0.4928037,0.00035299713,0.0003456676
48960,0.67386776,0.07913713,0.027602864
168567,0.0020609698,0.00056841754,0.0035146168
24176,0.14226943,0.0005140489,0.0139414035
122178,0.99999183,4.148081e-09,3.3721603e-09
208223,0.004471047,0.0015953119,0.00054275105
11786,0.33290341,0.00038554057,0.0007244885
208959,0.5441486,0.015131526,8.9867615e-05
48967,0.081009686,0.00017223315,0.0017507003
31641,0.0022086324,0.0029988284,0.0002504217
36540,0.227889,0.024035152,0.0003610771
122216,0.9745862,0.00080611405,0.0013996183
122235,0.92544365,0.0038401904,0.00059960777
51892,0.0006720259,0.0010117008,0.00039087265
34824,0.0029767859,0.015490586,0.0013510024
122206,0.625652,0.00017965454,0.006776697
122188,0.9999985,1.3321371e-06,8.937982e-08
122167,0.013430118,0.00026948695,0.00023639727
208288,0.00030543815,0.23252527,0.00026519454
31640,0.23741941,0.0003655406,0.007117748
19702,1.0,3.2060135e-22,8.776537e-17
208248,0.0005029844,0.0028904916,0.00029744225
168576,0.008436779,0.0005147104,0.00096562284
34808,0.99990046,4.1276373e-05,3.8652903e-05
208335,0.40505978,0.00015224236,0.00013954338
208358,0.02172073,0.00017444043,0.00025648312
40770,0.9991597,1.9495683e-07,2.227638e-07
15690,0.0001996596,0.9385915,9.988732e-06
51871,0.00038355702,0.002687616,0.0003763394
168651,0.40243196,0.026018096,0.032071263
168539,0.007666515,0.00055646466,0.00048921735
51882,0.999386,2.7068076e-05,3.6195647e-06
208403,0.018044008,0.019596906,0.0013068825
208215,0.045200873,0.007124561,0.0013651805
19603,0.16774705,0.23758279,0.000931193
23166,0.9819892,0.00016207031,0.0056342217
49280,0.012461551,0.002207546,0.0072512478
34819,0.9991352,1.2828747e-07,1.13059e-05
6354,0.009153849,0.0004214074,0.00020090428
214821,0.008259767,0.0042067072,0.0017916345
208327,0.09824781,0.00014601376,0.011596128
122261,0.0057497234,0.0002614806,0.00023597378
214855,0.0034318345,0.0003976922,0.00030293092
24171,0.00052609015,0.04871221,0.00078143534
7633,0.0513686,0.0005801758,0.00024655004
168608,0.023443421,0.0020129583,0.0009992645
208944,0.03737781,0.011736484,0.00031489317
208214,0.006120135,0.00028247715,0.0013615082
51912,0.9999583,4.0819585e-05,6.3908954e-07
208245,0.99744934,3.251837e-05,1.4655216e-06
48924,0.14644086,0.8535587,2.7089627e-07
168604,0.0038018103,0.0022198732,0.013925847
4244,0.99999994,5.6656695e-08,1.4301327e-10
168580,0.08157099,0.001912593,0.0007678798
49319,0.01380183,0.00021470763,0.000356361
15685,0.9999995,5.944897e-08,4.0288683e-07
4247,0.96983767,0.028627897,0.0015338229
49291,0.088202074,0.00667256,0.00020420978
12086,0.00073141087,0.000622553,0.0003136431
65789,0.6825845,0.27982607,0.000121122124
48934,0.16450508,0.0004071703,0.0018431224
65796,0.012670928,0.0002014708,0.00029579087
49246,0.8383805,7.524199e-05,0.0012843807
168654,0.008500753,0.0013451445,0.0022746976
48941,0.0009780292,0.0011463203,0.00049640005
49276,0.4480232,9.221972e-05,9.678282e-05
208270,0.9923752,0.005628291,0.00088805804
49309,0.47326797,0.011950775,0.5072941
168538,0.003704406,0.00051102706,0.0016264011
6714,0.049583256,0.0017165845,0.06883266
15489,0.89222443,0.08356669,0.014397905
208349,0.08140616,0.00038320143,0.00020447178
4249,0.98735374,0.000802789,0.00711087
6713,0.068602115,0.012164126,0.009553968
208281,0.008745286,0.002020247,0.00048781993
168631,0.031494074,0.0029286535,0.002293614
49289,0.0026900237,0.0015775416,0.00020115834
15490,0.0013387118,0.0005390514,0.00037387502
168624,0.0013837022,0.00077015324,0.00097175216
168647,0.8667535,0.13285218,8.790194e-06
168555,0.049797714,0.007501356,0.02777008
50443,0.7176041,0.00010710607,5.2184114e-05
214792,0.00090263097,0.0015532007,0.00044385297
208384,0.0030473226,0.0028298367,0.0007612126
214797,0.0035207127,0.0022163892,0.003810708
122211,0.08491027,0.00028424338,0.00056373276
122194,0.29068536,0.004880089,0.010401651
47463,0.008539331,0.96617925,4.691418e-06
122272,0.99207056,9.234285e-05,5.261772e-05
6722,0.99999905,9.093258e-07,3.6439714e-12
46512,0.002961505,0.0032172643,0.0024295817
209057,0.98028105,2.8200757e-06,7.37848e-06
65792,0.23322979,0.00028471148,0.0002698915
49290,0.026605705,0.0026695363,0.0001710629
208949,0.757389,0.0004023795,0.000104472536
47461,0.99330693,3.0858413e-05,1.4879831e-06
122192,0.0056690644,0.00039912525,0.00030202777
19699,0.8430682,6.8313e-05,0.00016874186
208337,0.74845713,6.2664054e-05,0.00035247803
168583,0.025643164,0.000710662,0.00033150887
47446,0.022515256,0.00020453375,0.00029686437
34834,0.15228495,0.0022595811,0.00019965609
47447,0.9354967,2.809538e-05,0.00028323437
49271,0.015019322,0.0005772492,0.00048018797
168630,0.044119548,0.055096734,0.0003081941
122270,0.04459557,0.0012483257,0.0018160059
214825,0.02124851,0.00018334681,0.00025443578
28353,0.0010034557,0.0013098195,0.00032763532
12089,0.0069459626,0.0002780258,0.00031602522
65809,0.018712388,0.0031939615,0.003564584
65799,0.99999994,5.6656695e-08,1.4301327e-10
34815,0.0028335901,0.0085579865,0.00037815832
19607,0.60707736,0.23737222,0.0006976065
209008,0.06924719,0.00021975551,0.0008211123
208404,0.0006624491,0.0015234231,0.0014021922
208317,0.028801702,0.00020693649,0.00020985414
208266,0.019471886,0.0013870893,0.00023727721
51911,0.4451471,0.00012778804,0.0001486861
49279,0.0031617857,0.0010140114,0.000291635
34794,0.041660137,0.046238698,0.021393497
10129,0.051082745,0.0016883863,0.006334635
168640,0.108159915,0.00045434848,0.0023870373
36560,0.025289416,0.0004519992,0.0015706964
168642,0.0023074357,0.005424772,0.00061369827
122266,0.08692487,0.00032183767,0.002552723
168611,0.28696,0.0012611082,0.00049261306
214890,0.010096274,0.0032342728,0.0024513514
34807,0.10974852,0.0014103244,0.00069630565
168657,0.008806902,0.0010587327,0.00023362601
12192,0.94066405,8.912169e-06,1.0350629e-05
47462,0.0018646527,0.0014790932,0.00028901952
51888,0.025649348,0.00018804471,0.00042755748
168591,0.031914722,0.00027399973,0.00106829
208374,0.07072096,0.00013637444,0.0037389586
16232,0.038906448,0.0023265919,0.057849064
31653,0.9768887,2.491349e-05,0.010008574
168619,0.94683737,1.37404095e-05,4.9348026e-05
208259,0.9915898,2.8809848e-06,5.9214804e-06
208435,0.12706219,0.0022219538,0.0057006674
46485,0.4409116,0.13647333,6.4998756e-05
168529,0.3587498,7.256644e-05,0.32273912
122166,0.0052742884,0.00035581167,0.0005034258
209065,0.17906418,0.022128316,0.0012224556
168573,0.008888281,0.00047593698,0.0003120868
208261,0.003947787,0.00038092633,0.00071855425
6161,0.07282424,0.000258099,0.002121485
31636,0.9996902,5.7176624e-07,2.3225422e-05
19599,0.046889592,0.04931122,0.23685569
46509,0.0050941342,0.00064505957,0.00036005938
168566,0.109551184,0.001142557,0.0022173238
122193,0.66796327,0.00030633985,0.00048692035
214852,0.0064045354,0.0007073684,0.003842455
214872,0.0037441617,0.006581584,0.0008145204
122238,0.55613065,0.0026682694,0.0004553702
23177,0.055358842,0.0007076486,0.00035658365
7637,0.99968493,2.3477229e-07,0.000314613
214784,0.05448802,0.0013563267,0.0001691889
48953,0.9986072,2.8301905e-05,0.00061873114
48946,1.0,5.823621e-18,1.2500742e-09
50436,0.0006016493,0.7680877,0.0018539641
214856,0.059079308,0.00015205829,0.00025613827
49258,0.00058451545,0.00064998085,0.00097361725
15594,0.00078342156,0.006860427,0.00018018005
5890,0.0056375554,0.0011253976,0.00032922905
24168,0.0009480771,0.0011077061,0.0003610141
46496,0.013716544,0.0010746007,0.0002837689
208367,0.0024677997,0.00068373437,0.00071035494
10558,0.00085392885,0.0011862976,0.0005874448
23180,0.00044502676,0.00071338995,0.000898507
28355,0.027471414,0.0003434354,0.00028547057
208272,0.9989794,1.3335795e-06,2.3682487e-06
15599,0.99999756,2.3893274e-06,7.529855e-09
209003,0.03917928,0.00019513402,0.00024728704
208235,0.00078511925,0.000676846,0.0007510957
208258,0.94589615,0.00021133691,0.0018064637
49310,0.46032253,9.858352e-05,0.00012537783
208362,0.0059182136,0.00021607646,0.00035483317
48964,0.04347448,0.089951664,0.017806254
214790,0.027552074,0.00021687051,0.00022749377
209061,0.8929121,0.0002452944,0.00055666704
15213,1.0,7.311198e-13,1.3673352e-14
122164,0.058761593,0.00017141631,0.00019873242
23174,0.00062078546,0.008122347,0.0037181745
5877,0.99999934,6.5116103e-07,6.4744983e-09
208438,0.8682848,4.580255e-05,0.0011510687
47438,0.00028919883,0.0026855336,0.00059071154
23169,0.018323334,0.00027665115,0.00031794436
15487,0.0028407006,0.00044506782,0.0022376345
34792,1.0,6.654364e-10,6.3303945e-11
31647,0.0009919471,0.00028912284,0.0271729
168531,0.045306426,0.08250619,0.023598293
36570,0.0003619233,0.00066166156,0.002694928
15675,0.007890834,0.0075231446,0.008399544
51895,0.0001804025,0.0046076053,0.13706365
209070,0.97036743,4.2818406e-06,0.00010318299
168589,0.037375353,0.027702693,0.00019417846
7638,0.0076932446,0.0017402255,0.0007858187
208209,0.058353014,0.0032633187,0.0006944278
214865,0.01750563,0.00024304059,0.00055235525
49270,0.0039782403,0.008302266,0.009957351
28359,0.98322517,3.1049785e-06,0.0006009407
214868,0.3356828,0.00024531272,0.0011585472
168650,0.0159493,0.0011472196,0.0016051483
208987,0.20771419,0.0019136649,0.0016204361
12084,0.004746016,0.0015773417,0.0010075042
36527,0.46277517,0.00018445904,0.00065974594
122240,0.9849514,0.011539817,6.789535e-05
168602,0.8704616,0.12940256,8.696351e-07
10559,0.9621153,0.00035318368,5.996389e-06
19604,0.013080807,0.0016537834,0.00036681115
214799,0.0049193637,0.00040334664,0.00025303412
208988,0.0011094388,0.0015867708,0.00043067103
208319,0.04168815,0.0008245239,0.0005687388
168561,0.531903,0.00024348598,0.000103122446
36555,0.027175121,0.0028522296,0.0043960228
49253,0.008259349,0.008646587,0.00035357126
122229,0.999,1.3580416e-05,2.0491794e-07
65788,0.030328525,0.012402503,0.004753896
168653,0.012560022,0.00027314702,0.00046501815
4242,0.9999768,1.2135262e-05,1.0999909e-05
51851,0.025838302,0.001566297,0.0002680694
51898,0.00087361963,0.0005173249,0.000328639
209016,0.99999404,1.0610094e-09,8.7960866e-10
51870,0.001173204,0.000973731,0.0012207084
208247,0.0017981501,0.01602462,0.00058746355
168616,0.5262994,0.0040107593,0.26169968
34806,0.45422098,0.0006326745,8.178582e-05
65786,0.00215839,0.00064499467,0.0015212841
19691,0.9872255,0.00019343295,0.0007668804
15680,0.8883155,0.0011749145,0.00033469562
208354,0.3110798,0.00015164669,0.00019156148
208228,0.005784955,0.06346077,0.00049432233
12199,0.0035362237,0.05378484,0.0016659688
19696,0.3484977,0.0010213503,0.00057471794
16228,0.023480158,0.008430733,0.24846423
208229,0.0024103106,0.0038815346,0.00063487637
19708,0.20998582,0.55118686,0.00013514333
208236,0.023919411,0.0006058183,0.00019036027
168623,0.81665146,0.0013681237,0.08480608
15660,0.010264882,0.014298262,0.00094276696
36556,0.37291783,0.00057505193,0.0009818734
34818,0.078528054,0.0001571925,0.00034692447
209052,0.0018068675,0.0007139439,0.00033000953
34827,0.004306217,0.005397119,0.00033320856
11788,0.48543385,0.03395088,0.0053605107
208405,0.005873232,0.0008409894,0.015498029
209091,0.0367886,0.00026868322,0.0034105259
122260,0.99992895,7.28808e-07,1.8462713e-05
46527,0.73434865,0.0071534887,4.2821062e-05
122169,0.00366115,0.00044047655,0.00022975657
208381,0.0028632062,0.036841106,0.07863796
208328,0.0029731747,0.00090376404,0.00044075822
209022,0.06288094,0.0006717128,0.00022255593
208342,0.8568358,2.2488632e-05,5.7240915e-05
19713,1.0,1.9221402e-14,7.879263e-17
47460,0.10319304,0.0007548957,0.0003248779
20514,0.022390047,0.0011419407,0.00022075296
7103,0.0035819444,0.00054494065,0.00048950437
208376,0.9997572,7.152374e-08,1.2023724e-05
122163,0.007737117,0.013927991,0.00015296212
6156,0.99998623,2.843231e-08,1.36094895e-05
168621,0.9902885,0.0052562095,0.0028484417
40775,0.6759173,0.00018462399,0.29136607
208238,0.0016685127,0.00045444162,0.0005542157
214891,0.012092282,0.0047220066,0.00037386038
208994,0.007714411,0.00022097529,0.0003386683
65804,0.9999995,7.3393874e-11,1.314991e-07
214817,0.0023503196,0.0017846684,0.00021024662
23181,0.9832448,6.3943384e-10,0.016755203
48958,0.9989205,0.0004036381,4.592378e-07
209036,0.09729555,0.00026472515,0.0003827387
12783,0.00920688,0.0019608405,0.0013214372
214874,0.093343325,0.0021109425,0.00074285845
49295,0.99999803,1.1839387e-06,7.7936454e-07
12786,0.9998631,3.690286e-05,2.029952e-08
65805,0.956044,3.7843725e-05,0.00029451557
209034,0.9947459,0.00024204247,7.7142016e-07
34823,0.011703415,0.0003447156,0.0002614682
122264,0.9689386,0.0005946739,0.0001489287
49267,0.0014470364,0.0006508878,0.00022019484
208292,0.030635305,0.00033459847,0.000408923
6717,0.99812055,0.000103000166,5.2262712e-05
214871,0.0010614109,0.0017093715,0.00030310522
65807,0.9958804,6.067824e-07,4.6168316e-06
50434,0.002462856,0.0052848826,0.0022332931
48954,0.27368245,0.00064091326,0.00063744665
13224,0.90689075,0.00052089,0.0018446749
12200,0.977981,0.00012498682,0.0010255756
49249,0.049502928,0.0020158943,0.0016883643
12092,0.006084374,0.00030936094,0.0015204808
208407,0.15956023,0.017731061,0.00012559445
48927,0.0026499385,0.0014516386,0.0013393798
65810,0.99994534,4.3253507e-08,1.30899975e-08
31643,0.00914517,0.0007145435,0.0042635696
49316,0.16719072,0.0005372932,0.0014200816
168649,0.00059455505,0.0016020734,0.00022252981
208385,0.20328932,0.0007585675,0.0005057199
208371,0.2505213,0.0039378037,0.0005898309
122195,1.0,1.1632949e-08,5.4908306e-10
208274,0.24954738,0.0013443227,0.00039258169
122184,1.0,1.719822e-14,9.736418e-11
168605,0.037198048,0.95643765,3.6620437e-05
28354,0.0034183315,0.0003157763,0.00039503208
3885,0.00565327,0.00013075345,0.16726401
122210,0.03242682,0.012231253,0.016175997
49292,0.029771283,0.21669605,0.00014275678
214811,0.0040999185,0.00068042596,0.00031724342
168564,0.9962191,2.6374994e-06,3.8768035e-06
49300,0.9999222,3.942601e-05,5.7900422e-09
48955,0.74156284,0.010321745,0.0026756034
122189,0.9962969,8.096623e-07,1.6030004e-05
49293,0.069841,0.0007379545,0.0011293895
36546,0.0020617975,0.002541539,0.001954327
214785,0.03766544,0.00019567531,0.00018983716
19608,0.7999288,0.00090914074,0.19914117
208413,0.99999064,5.2398423e-06,1.2705879e-06
46506,0.062077228,0.0055448287,0.0015690621
208428,0.9999479,2.367724e-06,1.3909092e-06
47464,0.013114956,0.00036817958,0.0004017836
48923,1.0,3.8807713e-10,1.3252471e-08
208210,0.0065846094,0.00091765326,0.00017822495
51866,0.0018610359,0.00072042627,0.0004791389
168558,0.0026052406,0.0011144488,0.00037789135
168554,0.18528934,0.036354855,0.0128804855
168556,0.9748171,0.00043112398,0.0011297115
208253,0.0009632175,0.0025850104,0.00038146134
49315,0.0007885683,0.067977026,0.043817565
6719,0.9999959,5.00756e-08,4.010733e-06
214851,0.24273372,0.00017851849,0.0009208313
15678,0.9155236,0.0049272478,0.034631446
40767,0.038708787,0.00022665213,0.008491323
50445,1.0,1.4069429e-15,1.4282986e-26
209049,0.47452918,7.539809e-05,0.00018182638
40760,0.048780076,0.8687254,0.0010402761
208361,0.006398668,0.00015231388,0.0053218845
65798,0.0036120408,0.0020876385,0.0002597697
46490,0.14174007,0.05587589,0.00026465324
15493,0.001194928,0.00066102576,0.0003673321
122205,0.9997015,7.589923e-08,0.00029816554
122244,0.9812196,0.0042722714,2.7791823e-06
168565,0.052048273,0.0020832035,0.0003219802
122223,0.9999326,1.0057298e-05,5.030009e-05
49275,0.39812928,0.0009850514,0.000883016
208204,0.028016951,0.024919905,0.0013755553
122269,0.13943203,0.62480575,0.14767739
208359,0.60472465,0.00015116092,0.0002400883
168645,0.006894886,0.0005817967,0.00037647964
48928,0.024594365,0.00023179846,0.0008601005
40765,0.8676026,2.5126576e-05,3.189039e-05
46507,0.006213821,0.0006138312,0.0003062437
46516,0.21390617,0.005156592,0.0029995558
214786,0.0018858543,0.00065998384,0.0004097373
47448,0.0012337074,0.00033956993,0.00052523543
208213,0.07923397,0.057509057,0.011758883
208231,0.009453165,0.0010872869,0.0002608834
7632,0.51722735,0.0014202596,0.0024546287
49250,0.0034565201,0.0006321782,0.00017655357
209067,0.9955334,7.759778e-07,1.7937961e-06
48931,0.9923752,0.005628291,0.00088805804
6715,0.6339466,5.5958943e-05,0.0002556449
3883,0.005997922,0.0052421438,0.00015125488
208437,0.0035386845,0.002677891,0.00025063203
49268,0.33401594,0.00017571148,0.00014905029
48945,0.895051,0.03424582,0.0010031525
208401,0.97302306,3.9509196e-06,3.9014253e-06
47459,0.0013163047,0.00046574924,0.00033280245
15600,0.9976458,4.1912517e-05,3.3352336e-07
19611,0.9978888,3.778022e-05,4.8806458e-05
171674,0.99291337,2.209076e-06,3.6952358e-06
209033,0.0077742054,0.24475528,0.00042243616
49281,0.8642435,0.02545956,0.11015786
34810,0.004171487,0.00027394286,0.00030233848
48929,0.46401945,0.0008767545,0.010414915
6157,0.98079455,0.00077478064,0.0067940615
49285,0.08459192,0.00019793573,0.00035088207
65787,0.9999995,1.147881e-08,5.052004e-09
31639,0.014522252,0.00032810998,0.0003485034
34787,0.5427252,0.45688188,0.00038481146
50442,0.16066942,0.0010012604,0.001554071
49312,0.15685432,0.034185685,0.00032486347
65793,0.99992454,3.5575652e-06,6.0915238e-05
15491,0.0012524276,0.00056383497,0.00026429477
12098,0.00012175464,0.271852,0.0008523246
209028,0.055820625,0.0002865029,0.0032392275
214782,0.0027157555,0.0005030234,0.0004192271
208360,0.0026900237,0.0015775416,0.00020115834
214854,0.001313727,0.0010144825,0.0003363003
34788,0.9999838,2.2926956e-09,9.26263e-09
122185,0.99999803,1.1332134e-09,1.7902126e-09
10554,0.0021935925,0.0002997114,0.00039894658
23178,0.0071044015,0.0034505539,0.00023778448
50441,0.003347135,0.26387084,0.04169543
19692,1.0,1.5610391e-11,1.4191838e-10
214813,0.004915747,0.0002889913,0.0004959755
209025,0.9933586,9.770877e-07,0.00012547713
208322,0.025299678,0.0005004824,0.00021651086
47450,0.8290233,0.0005735965,3.245437e-05
12087,0.0081814015,0.005598783,0.0026298575
122232,0.91891843,0.0002800231,0.003355932
214798,0.0014507811,0.0005752061,0.00040484677
208425,0.0021614945,0.0011755709,0.00016902323
49299,0.06906956,0.005633145,0.0010511107
214869,0.03697288,0.00025874138,0.00033148038
214777,0.0035958944,0.0005089132,0.00036003176
46528,0.0016050665,0.0012619315,0.00022669078
10128,0.44992206,0.0101550715,0.0004571161
12090,0.026954746,0.0038394649,0.0027689897
49263,0.94712156,0.05286626,6.5293546e-07
28356,0.0027587432,0.0003383112,0.0003087947
168627,0.59850806,0.110359006,0.04701047
208406,0.024637565,0.0003124052,0.00048117622
16233,0.9999999,9.633818e-09,1.552003e-08
209090,0.8347781,0.0002541515,3.8804017e-05
34803,1.0,1.0476513e-14,2.78858e-10
40778,0.004016587,0.010138472,0.00017799476
214882,0.008806902,0.0010587327,0.00023362601
65816,0.9787524,3.0360196e-05,2.9054661e-05
122228,0.80168366,0.19613983,1.0171711e-06
31644,0.0017240384,0.00067920634,0.00030760604
208330,0.7554965,0.0040441,0.0004593951
208243,0.99956274,3.9797127e-05,1.7651381e-06
208268,0.01151409,0.00038635515,0.00065828866
209048,0.0107024005,0.00027025535,0.00027397615
46484,0.46962988,0.0018424448,0.00014956508
209077,0.09197257,0.0024080945,0.012563924
208945,0.9221429,0.0007196832,2.4024914e-05
31650,0.013433644,0.0038197797,0.00019112135
48940,0.038848985,0.0019463471,0.0007060152
10555,0.0045929793,0.0003437069,0.0012158307
46513,0.0139964875,0.0013985307,0.008356372
214812,0.003544285,0.0019025208,0.0008585409
208263,0.0018475831,0.05037121,0.00025297728
168612,0.39478475,0.13397798,8.335732e-05
49273,0.4981406,0.00076414173,0.0013968791
208366,0.0025679993,0.00064355036,0.00026654452
50444,0.020024022,0.018563027,0.00022125593
46510,0.4000179,0.00019891818,0.00016409761
34828,0.003831644,0.0011070893,0.0010115935
12188,1.0,5.7515714e-11,5.0062016e-10
122250,0.25327876,0.0012522975,0.0014991002
48956,0.9850507,0.001018395,2.4947054e-05
168603,0.0014972549,0.0003706802,0.003868811
208255,0.0028973105,0.00024821507,0.0016930534
168620,0.82540625,0.020841016,0.0024539235
214848,0.0048371907,0.00017296888,0.00123911
168655,0.027238235,0.0021310549,0.0003676198
40776,0.001019401,0.00057291525,0.00031196236
168581,0.004035006,0.0013107508,0.00039993293
5873,0.84946775,5.1244977e-05,2.9150824e-05
208976,0.02868037,0.0035931116,0.00045815017
36514,0.26101366,0.0012833633,0.11050962
122218,0.9806792,4.10981e-06,0.0005577552
46502,0.023980772,0.00060804945,0.00096967747
51913,0.00039708303,0.05613168,0.100907385
122224,0.9233861,2.7233265e-05,0.03362023
208334,0.012051617,0.0006388468,0.0002683036
49284,0.15783511,0.0020174184,0.006876574
122175,0.0053456523,0.0005075152,0.00027824368
208321,0.0042505115,0.0038798188,0.0026481282
11787,0.0047907606,0.0003763337,0.0002514333
168652,0.0047866735,0.00072208355,0.00033785982
208262,0.0021826092,0.0006425148,0.00028492583
46515,0.0065370123,0.006111955,0.00025342408
65782,0.9600131,0.037426494,4.028412e-07
19601,0.99308515,0.0048218276,0.0020925526
49288,0.07556152,0.0055833445,0.00025549205
208372,0.077658705,0.8664622,2.513581e-05
209053,0.9999694,2.1182755e-08,7.236192e-09
49247,0.9478015,0.00067338906,0.021278394
214849,0.006810563,0.00026880606,0.00040189966
40769,0.09310968,0.0024410086,0.0005892907
36544,0.007669294,0.0021187502,0.0057697245
34791,1.0,4.5969553e-09,8.645427e-09
168638,0.6381571,0.3578324,0.0032295065
208273,0.5277652,0.012606141,0.00072823686
214840,0.02448552,0.00019814727,0.00059713563
48932,0.0013648545,0.0008889809,0.0005289057
122263,0.5601996,0.0006187164,0.00042363122
46493,0.0012006508,0.004216386,0.0015737027
168545,0.06671623,0.0031119229,0.0038484624
47455,0.65927243,0.00041331633,8.06282e-05
208191,0.0065521686,0.0003127108,0.00020115478
15665,0.951166,0.01002369,0.0005238752
46517,0.02377171,0.00057380256,0.00016192372
209045,0.0058029606,0.00093464926,0.00084546756
34799,0.012469749,0.00047814506,0.00029648354
208278,0.90689075,0.00052089,0.0018446749
46488,0.009007171,0.004317395,0.00040376655
168594,0.0019735263,0.013581519,0.00032922497
51916,0.01727856,0.00038238443,0.00041015577
28352,0.98208135,7.4808213e-06,0.0014383986
4243,0.09780536,2.3335877e-05,0.90196335
168559,0.9800937,3.8651764e-05,0.0006682283
168598,0.008654911,0.00016195215,0.00051053386
49308,0.0036545042,0.00022255653,0.029288648
47437,0.00022556137,0.0011263696,0.0068509965
19698,0.9991978,2.0879686e-05,1.4823088e-06
16230,0.0008321406,0.0005977977,0.38317868
208217,0.99997646,1.3185183e-07,7.3654993e-09
214787,0.014943511,0.00023638984,0.00025756442
51858,0.14644086,0.8535587,2.7089627e-07
51903,0.00046452082,0.009683408,0.00079686823
214776,0.023723476,0.00031137356,0.00065679435
23184,0.015390923,0.00083461945,0.0010086824
208312,0.3155089,0.0002837529,0.03877685
34814,0.99998224,1.7348435e-07,5.4039415e-08
209042,0.020031363,0.00017634772,0.0022497112
11785,0.99645436,1.9364063e-05,0.0035060553
51900,0.058192827,0.0017490812,0.00022466284
48947,0.01750563,0.00024304059,0.00055235525
23179,0.00534428,0.000873483,0.016819734
208301,0.001019401,0.00057291525,0.00031196236
168563,0.041123655,0.0025994282,0.012455826
65783,0.81993693,0.00016099922,3.0844338e-05
15659,0.0049523097,0.02457507,0.0006800118
214802,0.0021434845,0.000585613,0.00036829707
15684,0.008858461,0.00531277,0.001312322
209039,0.9730249,9.517304e-05,3.95847e-05
65784,0.99457073,0.0008850183,0.00050075626
48961,0.0018595193,0.00087745476,0.00031195988
12097,0.03727264,0.00020139491,0.00020665259
214885,0.016980048,0.00044157795,0.00030535794
49278,0.062488694,0.0010060872,0.004163943
168587,0.9990937,7.997754e-06,6.3478874e-06
209040,0.119401656,0.00013235952,0.00020775301
48930,0.99480444,0.0010830818,2.806619e-05
65820,0.17215477,0.0022743377,0.00021394869
65780,0.9807578,5.8142064e-06,7.701179e-06
49294,4.1543995e-08,0.99999994,3.880707e-11
214876,0.0017349061,0.00064302835,0.00076895225
51861,0.0004933191,0.0060784323,0.001867759
214780,0.0030944913,0.0021320784,0.00025850665
47440,0.9994381,0.00028213827,0.0001091755
208369,0.14569545,0.0009272585,0.00031037588
65801,0.062629096,0.69602704,0.040831983
65811,0.9807864,0.016075797,1.3298322e-05
214820,0.011033147,0.0003082979,0.00026489337
168590,0.07327305,0.00097303244,0.0003346208
46492,0.024186078,0.00042044817,0.00019402087
51862,0.9999968,1.5188961e-08,3.000537e-07
168574,0.99632525,0.0025042852,0.0005075696
209020,0.36183304,9.873256e-05,0.00028270978
12093,0.8992528,0.077118054,3.5581709e-06
34833,1.0,1.9350413e-13,1.9830277e-09
208373,0.99976194,1.0633617e-06,1.7938642e-05
65785,0.9998409,6.569387e-08,1.4303221e-07
208399,0.0021972046,0.00032287615,0.00026430297
11782,0.001483502,0.0005901917,0.00058707176
208958,0.016444769,0.00043264,0.00021941599
208356,0.050043,0.00079270976,0.005011518
16231,0.3620831,0.054542206,0.00044369165
122174,0.014979119,0.0008548718,0.035215776
23175,0.0038415377,0.0022342121,0.00045877075
208390,0.022260146,0.00017557688,0.00022685446
208311,0.09121107,0.00088456954,0.0013160685
168600,0.19889769,0.0049330085,0.00016986787
49259,0.0035971776,0.007539183,0.00034754095
49251,0.7986384,4.4764744e-05,0.00018303668
48959,0.019341733,0.009266173,0.0002929001
49313,0.03440933,0.49938136,0.21143833
49305,0.039951444,0.00034545656,0.0010566897
208267,0.02433999,0.00016327892,0.00044781118
122230,0.04312624,0.0030885988,0.0027943128
31642,0.73873144,6.2302395e-05,4.1182986e-05
15494,0.0001799684,0.91312903,1.5097041e-05
168609,0.13155122,0.00038835529,0.048704505
208421,0.27368245,0.00064091326,0.00063744665
214883,0.037760325,0.000527016,0.00023773802
208993,0.004586866,0.00032801708,0.00031344898
6720,0.99640596,0.0034781871,3.4379261e-06
214870,0.0014721914,0.0007204891,0.0005289848
214888,0.9995461,7.0901635e-08,1.4641282e-06
12190,0.010040715,0.0013928786,0.02426981
208276,0.0013834301,0.0053212624,0.0006271108
36541,0.9858234,0.00011009097,0.0048102303
214778,0.019387614,0.001711941,0.00029160434
214858,0.0017645921,0.0004170585,0.0015544066
46514,0.0028040046,0.015199404,0.00016852964
6160,0.99835175,8.135255e-06,0.000425352
209043,0.020034904,0.0008761252,0.00030400822
208306,0.0010245278,0.0013151156,0.0003757549
3879,0.002061437,0.029001044,0.00020902055
34832,0.9996339,1.2624307e-05,2.3520975e-06
208440,0.0018799762,0.00055018615,0.0012066244
49304,0.0031116977,0.001899294,0.0004524104
50447,0.00037487628,0.0073530213,0.00029666928
40764,0.99956274,3.9797127e-05,1.7651381e-06
122227,0.82517534,0.00043868535,8.894007e-05
208304,0.0013193116,0.0006141326,0.00042236305
51886,0.9621153,0.00035318368,5.996389e-06
49286,0.99974114,2.2118462e-05,6.817557e-05
46504,0.48009956,9.192549e-05,0.0001992965
65806,0.008793169,0.0043387925,0.004276219
11780,0.0025351264,0.0011480807,0.0005603245
48942,0.027552947,0.00086347765,0.0017432277
209030,0.43813884,9.567239e-05,0.00040618263
15662,0.99991083,6.477283e-07,6.4626834e-06
208960,0.9108988,1.4732763e-05,3.7420716e-05
48965,0.0023071417,0.0014119762,0.0004827848
208415,0.0033939895,0.045654852,0.00030328523
49260,0.015731102,0.0019135526,0.00061049685
34825,0.99997884,2.1197417e-05,3.577242e-11
24172,0.00087361963,0.0005173249,0.000328639
51852,0.003821734,0.0004917152,0.00038281843
7634,0.3691126,0.0002046523,0.00037829453
209019,0.05095743,0.0029568851,0.004497866
209011,0.73081124,0.00053785054,0.00059750484
214819,0.10282074,0.58219266,0.031589422
168593,0.0010827262,0.00052191806,0.0005069009
208383,0.0006472515,0.00084582483,0.00050718064
208287,0.0022356403,0.00058866397,0.00043539368
34822,0.9917729,0.007977554,1.4653262e-05
34813,0.34751323,0.029702436,0.0028094272
209075,0.047490347,0.00027726698,0.00031151422
34816,0.019112999,0.0006945625,0.0004686571
65815,0.999688,0.0002537402,3.2458887e-05
47445,0.98506737,0.00036543267,0.000447337
51893,0.04109436,0.006090179,0.0020186387
12196,0.0346985,3.8277298e-07,0.9627679
214801,0.0023763683,0.00071352854,0.00057707215
40777,0.0029025148,0.0013633729,0.00030447598
214795,0.007688796,0.0008284515,0.0009230798
168629,0.0099978475,0.00041832286,0.00044857085
122262,0.9993419,7.880624e-07,2.669639e-06
15215,0.97769296,0.0148907425,0.00010003343
209014,0.011996,0.0003408297,0.0018276859
12091,1.0,4.3209758e-10,1.2825035e-10
19694,0.982284,6.054944e-05,0.0006794695
209005,0.9948087,7.448573e-07,1.0206917e-06
122198,0.5757141,0.0021363604,0.007706662
168568,1.0,1.5968676e-11,1.9263242e-10
15692,0.0037653304,0.0014251857,0.0059753754
208256,0.0047066296,0.0009735738,0.0002611138
10561,0.021855779,0.00045271852,0.00028601201
214842,0.009869679,0.00018756044,0.005089341
208963,0.015015158,0.00038459947,0.00018880673
208992,0.021570107,0.0003149029,0.00059899787
168596,0.086467534,0.017262524,0.015704982
15597,0.0023102246,0.00024386427,0.00031063505
49274,0.0003230595,0.02066783,0.0059311762
208955,0.06057156,0.0074561774,0.00013576123
50438,0.007164235,0.09502965,0.00025282096
48938,0.98599654,0.00014704761,2.5940658e-06
23183,0.00069370226,0.0008987516,0.00046959615
208246,0.037599374,0.00032218805,0.0004068514
49298,0.39592397,0.28913537,0.0980411
208257,0.002783959,0.0022349686,0.0020175604
12094,0.13465787,0.019671408,0.00085271103
51868,0.0015930659,0.0006987411,0.00033799864
15664,0.29343098,0.002036791,0.014500292
214886,0.026047517,0.003703987,0.0002581155
51859,0.8208201,0.00053351466,0.0005554168
208982,0.039476354,0.0002622763,0.00017725772
65791,0.74737686,0.027225215,0.008550633
122243,0.68469435,6.14222e-05,0.0003677139
46478,0.07341541,0.0113676805,0.00029483368
19605,0.7818226,0.0061415737,0.00033432327
48943,0.18420646,0.0071392385,0.010258689
214857,0.0062596556,0.0010335977,0.00015484446
51856,0.017752588,0.0026825948,0.0012758119
122220,0.89965177,0.00013407666,0.00013268428
12088,0.32202753,0.004485802,0.009907763
12085,0.018206418,0.00332444,0.0003228385
36536,0.00022962423,0.1571686,0.00048585515
16229,0.6817991,0.315849,0.0006925387
122173,0.056575827,0.46467754,0.0005806578
168606,0.021806994,0.0006871159,0.00029499014
122241,0.99989927,1.09743105e-07,9.956473e-08
12195,0.9713807,0.0011289689,0.027459206
208395,0.0035825095,0.001143859,0.0003859601
208244,0.8832735,0.0024108058,0.010290524
65797,0.0060637845,0.00022549275,0.0010843638
23170,0.9999999,3.888312e-09,3.834204e-08
6347,0.0042951372,0.0008635255,0.0002831545
6711,0.9999461,9.082788e-06,1.8711577e-06
34797,0.0038878256,0.00069423654,0.00028130985
31637,0.0012428819,0.00051904976,0.00061020325
208212,0.027902145,0.00025389457,0.0008911107
10562,0.00073987956,0.0006945771,0.00029639745
12189,0.007740334,0.0031923347,0.004033038
49266,0.003038826,0.00034253593,0.00029499788
19700,0.029531186,0.0007560007,0.0004986506
23168,0.0052872943,0.0010548163,0.0004551145
34801,1.0,4.217747e-15,1.365297e-09
49277,0.43525797,0.00023356362,0.006038965
34805,0.27110106,0.00027216694,0.4723166
10550,0.010666615,0.0018028205,0.00025357216
47442,0.0011743016,0.00022121133,0.002264147
49261,0.9917461,8.2608485e-06,1.2484992e-06
214779,0.006511059,0.0009397448,0.00028768144
208250,0.20077369,0.0002423033,0.00043743523
208969,0.01443675,0.00020244125,0.00023334126
214864,0.5416488,7.550288e-05,0.000119935874
214866,0.06788328,0.00022650891,0.0005342618
34800,0.999973,6.54664e-08,2.6938045e-05
122176,0.0028798543,0.0014613656,0.28043252
36520,0.85577774,0.018855592,4.7142006e-05
168628,0.001720896,0.0007238119,0.0032928134
214884,0.03847817,0.001820646,0.0048698043
31651,0.007536574,0.0022675605,0.009008077
208280,0.7993109,0.0039911913,0.0236608
46523,0.013462272,0.0006938417,0.00038904182
49287,0.035904072,0.0002555189,0.00024382891
48937,0.12294061,0.0044076056,0.0013191049
209031,0.9385565,0.00030280565,0.0005233761
122271,0.9668704,0.00057748304,5.077025e-05
15677,0.0025351264,0.0011480807,0.0005603245
122172,0.8939509,0.0008788172,0.0027263283
122197,0.9992278,5.8955093e-06,0.00023641631
47452,0.009976171,0.00031136998,0.00020588104
209009,0.026209066,0.00083695253,0.00056805427
49283,0.022389762,0.0020223707,0.00026356132
47469,0.0017349061,0.00064302835,0.00076895225
34795,0.9912849,9.576781e-06,1.1907689e-05
46521,0.0024882064,0.00029771833,0.0002354461
23176,0.045282844,0.0002210091,0.0005056983
40774,0.029144198,0.0025978943,0.00040230577
48966,0.004338948,0.00085800356,0.00032406877
47443,0.00073641667,0.0059356135,0.0002102682
6158,1.0,1.09541594e-13,2.3149374e-10
209092,0.9342542,0.0005497263,6.7670335e-05
40773,0.9999845,3.002927e-09,3.5334036e-08
46494,0.007744711,0.00073948124,0.00037179745
12193,0.01689438,0.00025511815,0.002551725
51896,0.0071374495,0.02025405,0.0015809535
50440,0.01797681,0.008840206,0.00022083684
214873,0.0018646527,0.0014790932,0.00028901952
122207,1.0,2.2362439e-08,2.550509e-09
122274,0.99945796,4.1889383e-05,0.00020075895
5889,0.34667775,0.0075149783,0.015300032
15687,0.00774073,0.013416301,0.014182007
10564,0.01543462,0.0005604069,0.00018687389
48962,0.0010694758,0.0005155431,0.00036657
15679,1.0,1.5670592e-15,4.5325705e-12
5875,1.0,7.1321694e-12,3.6294088e-14
47444,0.0007666315,0.0005306457,0.0003352049
214800,0.0038171385,0.0012620579,0.0004812593
11789,0.91664183,0.00054329925,1.6360624e-05
209010,0.95032877,0.0017611765,4.9373823e-05
208400,0.020211332,0.00015999058,0.0004633865
12787,0.9999583,4.0819585e-05,6.3908954e-07
46501,0.014805136,0.009621743,0.0002085845
208201,0.004515076,0.0007702684,0.0002520673
209073,0.040665064,0.00120405,0.00051871606
208965,0.73521477,0.0823686,0.0010209891
31646,0.008821893,0.0021228597,0.00022588267
122231,0.01762091,9.500975e-05,0.44175526
48939,0.9708989,7.5534444e-05,1.3367066e-05
34809,0.97149545,0.015624467,0.00042085434
122258,0.9740746,0.025925206,1.4222137e-10
15595,0.8438424,0.00062696147,0.00012542828
10551,0.008266528,0.0008511923,0.0016888644
122165,0.8153337,0.00012129408,0.00052132795
34826,0.99999577,2.8717195e-06,1.0033975e-07
168618,0.002020495,0.0081195915,0.0002496537
209072,0.006963749,0.00034646926,0.0002502735
122234,0.99969834,3.7427938e-06,6.346093e-06
168582,0.011633451,0.000977404,0.00028131137
208962,0.04813283,0.00021077925,0.00025252972
6721,0.38265863,0.6171696,1.277215e-07
208420,0.006453899,0.005395937,0.0008626049
214867,1.0,2.3621489e-14,7.5306315e-12
168658,0.008183125,0.0020952632,0.00031255232
168637,0.036060862,0.00024431697,0.013327446
15688,0.78667396,0.0033027492,0.00024054661
209078,0.0027635891,0.0019104409,0.00016475501
28351,0.0025482986,0.000660663,0.00023668495
208370,0.2800321,0.00013194863,0.0016943226
208230,0.0085460115,0.0007670545,0.0002082778
209018,0.43106937,0.0004992566,0.00013182912
208331,0.0029896996,0.00029808702,0.0002521665
122273,0.15150964,0.0053122235,0.01077964
48948,0.70570916,0.00048834085,0.0004679083
23173,0.10401789,0.00026348827,0.00024257122
46483,0.00094134087,0.0007479675,0.0003113847
46511,0.009047638,0.0011549823,0.00019333373
208978,0.9277977,0.00017812049,1.10249075e-05
15681,0.051638976,0.00078433973,0.00020012846
34802,0.0034226177,0.0012598245,0.0025879312
46508,0.025807213,0.0016536989,0.00028807626
168615,0.6008015,0.0015830155,0.0024636777
51860,0.002460243,0.008119818,0.0001974853
214783,0.0051755076,0.00054662314,0.00041605617
122259,0.08126417,0.00031738725,0.00045064167
10132,0.5416488,7.550288e-05,0.000119935874
51890,0.003561818,0.38539678,0.000538194
208351,0.0034187974,0.0022299502,0.0012101682
34796,0.007698082,0.00036405906,0.00078293093
168610,0.9999823,1.7842576e-06,1.5253687e-05
208298,0.040547363,0.00034784083,0.00028416986
214846,0.021754544,0.00030076312,0.0002524322
46481,0.25616178,0.009240618,0.00044388353
208981,0.0013385527,0.0013092342,0.0009207555
209060,0.004621012,0.002713279,0.0008705396
49272,0.7594682,0.00019679326,0.0010931658
51897,0.0021131698,0.04310046,0.00047033338
209074,0.42376924,9.4766816e-05,0.0005047173
49314,0.01179224,0.0008406585,0.0009795063
168532,0.0052235983,0.00076096936,0.000558992
5878,0.9995491,0.00020136932,2.5003405e-06
208324,0.02448552,0.00019814727,0.00059713563
214875,0.03957412,0.00035966968,0.00065922894
28360,0.9999199,9.346455e-07,1.1612998e-05
122252,0.023307616,0.9076269,0.057020955
168569,0.00037308026,0.0027151003,0.00044343364
122246,0.9925873,3.5429237e-06,7.352343e-05
34821,0.0072108135,0.0011439836,0.0006760139
208410,0.03293919,0.00022136657,0.00026753018
6710,0.040850706,0.84632874,2.9930741e-05
122201,0.20968124,0.0022797668,0.010531178
168533,0.0030374876,0.023884242,0.00902343
168585,0.052805267,0.0004358852,0.0006521564
209081,0.05979378,0.010054438,0.00055281166
171683,0.004596069,0.00083233346,0.0005861098
209026,0.9891666,5.781295e-05,1.9190834e-06
122204,0.9327799,3.716758e-05,0.0005111497
40763,0.99961853,2.5111606e-09,0.00038146827
214789,0.011387969,0.00067642226,0.0018211295
19600,0.028567212,0.12867464,0.0012479834
48935,0.30668545,0.00059789326,0.00081174256
208394,0.0021780834,0.008578598,0.00036828316
208234,0.0005386994,0.002145108,0.00024267717
208375,0.7534525,0.0019702562,0.00027740243
208999,0.41947767,0.016363865,0.015225422
208967,0.90225804,2.90384e-05,0.00012757284
214823,0.02417819,0.00026651466,0.0010510363
208956,0.0049103396,0.0012398658,0.00034932545
40766,0.0021433723,0.000739892,0.00087166467
46500,0.31487048,0.0049444,0.00012337527
12095,0.04090926,0.0010448712,0.00015572092
168572,0.57045686,0.0001665286,0.120506
19693,1.0,8.5932195e-09,1.2383889e-08
122222,0.8933032,0.00034210965,0.00046903448
208216,0.013115455,0.00056620134,0.00028990826
10552,0.96005756,0.0017350512,0.020297695
51887,0.00079930434,0.005769517,0.0025468466
40784,0.0016066756,0.002268249,0.00025547104
49306,0.012489094,0.0009052512,0.0017726129
24175,0.19810992,0.00019513295,0.035945803
208260,0.004586866,0.00032801708,0.00031344898
6155,0.9973405,1.6460632e-05,0.0003397413
15492,0.03506582,0.00017267853,0.00065547065
208380,0.0013224602,0.002136909,0.00021543253
208971,0.008444393,0.00073050987,0.0005919388
31634,0.026098263,0.92499983,0.00035734262
6724,0.0073594055,0.00014646037,0.0068696598
34829,0.9992312,7.246997e-07,0.0005628457
214791,0.013115455,0.00056620134,0.00028990826
208389,0.0034381784,0.00071600825,0.00028071855
48952,0.98704123,4.12506e-05,0.0007417152
49317,0.0015460568,0.00038040095,0.0019384298
208207,0.10846203,0.00022036064,0.00025224063
20513,0.0021704556,0.0015345739,0.0010549122
12191,0.99999976,3.3920533e-11,8.587001e-09
208194,0.9711759,1.3875222e-05,0.0011207507
208225,1.0,1.5610391e-11,1.4191838e-10
23182,0.008187369,0.0005619687,0.0005938485
168523,0.9998604,0.0001395429,1.5737686e-14
168577,0.009815491,0.0011957354,0.00036554184
51894,0.00035063789,0.009328943,0.0008779786
122196,0.99997795,1.7268381e-06,1.9436025e-06
168526,0.14629045,0.0013270155,0.0023133252
34811,0.9999541,6.64841e-07,2.347323e-05
122171,0.19695377,7.187703e-05,0.4144852
65812,0.99630994,5.343214e-07,8.079864e-06
122209,0.9999555,8.825429e-09,1.669476e-07
214835,0.014295104,0.00084150815,0.000195695
214775,0.13497671,0.0001602994,0.00022006931
208237,0.60851717,9.931954e-05,6.336068e-05
168646,0.29182553,0.049574044,0.48542008
209037,0.9999477,3.347716e-08,1.0178159e-08
208297,0.0012545086,0.0006393782,0.00042403257
15211,0.99997807,9.465922e-06,1.6383555e-07
65790,0.9865834,1.6919165e-06,0.0031663347
46498,0.0010532177,0.0015306697,0.0004092668
51867,0.0012184688,0.0004871122,0.0003878063
168601,0.2934897,0.0022881662,0.00060413266
208392,0.006725607,0.0005117668,0.00037489278
36565,0.022388484,0.00022244145,0.0002209507
208974,0.06408265,0.000737293,0.0003212139
11778,0.014665011,0.0065507973,0.00023578414
49282,0.013431537,0.00046600436,0.014140133
208353,1.0,6.4086085e-12,2.1784342e-11
208251,0.40073594,0.0052523385,0.0020992768
48950,0.99965703,0.00030312195,2.3457784e-05
48933,0.0007067195,0.9954992,0.0036252667
168570,0.0032474808,0.00091269764,0.00058692024
208290,0.9738529,0.02614612,2.72051e-07
15212,0.0021672829,0.00028718443,0.00025256013
51902,0.0010399502,0.0014780037,0.0012653494
209013,0.01512845,0.0002767501,0.00094335026
12784,0.87774915,0.00014167961,6.6544e-05
19606,0.0007559781,0.0004459003,0.86249274
122236,0.0049676793,0.00032373634,0.0020938865
168639,0.0024167695,0.0016147564,0.00046199607
168534,0.00021859603,0.02269013,0.00037254675
4248,0.9999995,1.4376441e-07,2.0968467e-07
5888,0.036446977,0.0049096816,0.00022783826
209000,0.019980118,0.00060681166,0.00032893856
208952,0.0032842325,0.0018350404,0.0005162574
48925,0.9984478,4.5560446e-05,0.00020246702
31633,0.9978256,1.3532509e-05,3.8485683e-05
65818,0.96366084,0.011514463,0.00020513368
65795,0.9535298,0.0013875107,0.014479007
46482,0.035692193,0.0036220269,0.00019163085
168579,0.007442527,0.0625788,0.00033553265
122208,0.8272914,0.0012934759,0.0011032638
208402,0.9997697,8.979071e-06,3.4463774e-05
208391,0.12082974,0.0011520758,0.00039860068
7635,0.00085975695,0.0050413986,0.0037149123
214847,0.0016022178,0.0007673977,0.00043404807
168578,0.008249683,0.00023543258,0.00036092263
65814,0.950401,0.00033159225,3.095545e-05
46522,0.69798553,0.0014280361,9.8983044e-05
65817,0.9879622,8.169851e-06,5.9378262e-06
12194,0.9999998,2.5227001e-11,4.0890498e-08
214887,0.0019923858,0.004105614,0.0003964868
51918,0.0015902891,0.012732915,0.0003914722
47453,0.030649332,0.9291122,2.1756481e-05
122187,0.00078079564,0.050682142,0.0036675027
6716,0.9916781,3.1518155e-06,1.3955784e-05
208953,0.013481608,0.0005311227,0.00023917737
208232,0.0106938025,0.0146458,0.0004085305
36573,0.0030009223,0.0007325776,0.00035116792
208414,0.0036695728,0.0011138641,0.0004657894
208341,0.0022061507,0.00064409466,0.005131037
15598,0.002637395,0.00025858002,0.00039902554
48968,0.105810516,0.0003608995,0.00015892403
3882,0.98969626,0.009190346,2.0434294e-05
48957,0.0012416904,0.9369936,1.0983308e-05
214850,0.014989524,0.004944998,0.008113001
168643,0.04323321,0.0026591881,0.00026484035
208986,0.0041398904,0.00047538566,0.00024083204
122168,0.0025384824,0.00042905315,0.00022315036
208325,0.99958205,1.2168078e-05,3.994274e-06
214781,0.0064075245,0.00052405667,0.00039492184
65778,0.99997586,5.311087e-08,5.1114184e-09
214833,0.0020587612,0.0024626711,0.00019623683
208221,0.001343988,0.0010985595,0.00034880242
208355,0.8992528,0.077118054,3.5581709e-06
122203,0.969101,4.6215605e-06,9.894637e-06
46479,0.95207953,7.358621e-05,7.293317e-05
208416,0.95957077,0.00019937113,0.0015281974
34789,0.997412,4.43647e-06,0.0025767405
208948,0.06325274,0.0003176901,0.00018361892
168522,0.0065208757,0.0006651096,0.0002602649
34817,0.111358054,0.007527673,0.0014213246
209021,0.0706865,0.0006584514,0.0015820095
46505,0.008574789,0.0013487571,0.00039296228
40781,0.012554211,0.00042824706,0.00060712296
34820,0.098360054,0.00066407037,0.00057685014
208226,0.0013557742,0.0004809487,0.00040395826
65813,0.9813039,1.8816516e-05,0.0005689475
208220,0.10849406,0.0017811395,0.0002516194
208348,0.00369975,0.0010912848,0.00033010516
168521,1.0,1.729743e-09,3.8771137e-14
214836,0.16705234,0.0001670311,0.0002911277
214843,0.7185778,0.0020379263,8.2616076e-05
47449,0.010274294,0.026436446,0.0016271245
214815,0.005980353,0.0012732546,0.00028563914
208430,0.51967496,0.0038033258,0.029414272
208357,0.7164701,0.002859456,0.00011787183
208995,0.119363636,0.00020691543,0.0004397383
208951,0.015350583,0.00044849905,0.00019517225
122265,0.29839244,0.03711892,0.004932742
4250,1.0,1.092962e-09,7.393224e-09
168607,0.09881999,0.00045064997,0.0011076881
122186,0.088704936,0.24839365,0.008468599
168527,0.97145677,0.00051259174,0.00012001005
48936,0.00095469947,0.034779575,0.00025177406
5876,0.00073987956,0.0006945771,0.00029639745
31645,0.12507667,0.4474167,0.11926274
209069,0.04704346,0.0006348883,0.0004384924
122233,0.1334814,0.789709,0.076806754
48963,0.228932,0.010787515,0.011675
122212,0.16224748,0.008354768,0.010594798
209015,0.6390061,8.576713e-05,0.00011685353
208269,0.98342675,2.402696e-06,2.0060552e-05
40762,0.011285826,0.016299454,0.0018575329
65781,0.0057993466,0.0037274403,0.00031678204
209068,0.035076916,0.0028015522,0.0006591376
168632,0.9924549,0.00011710189,0.007424267
15689,0.009682959,0.0014564235,0.010538508
214889,0.094643325,0.00028429762,0.00020526937
208439,0.0020319626,0.0010254838,0.0003376368
214796,0.006964805,0.0004031757,0.00096159783
6712,0.9578136,0.0002794102,0.0012226696
36524,0.0025237857,0.0006362297,0.00027683584
214841,0.00815608,0.0023526351,0.00025697614
209051,0.9999572,6.072027e-09,7.425136e-09
208942,0.025288042,0.00058280403,0.0004045616
28350,0.009336312,0.05340891,0.00074556854
17286,0.15048335,0.00050724944,0.00019600378
168584,0.0054147746,0.0016084171,0.015255117
65819,0.9913395,0.0011339239,2.7625733e-06
23164,0.17542161,0.00016987491,0.0006249072
214837,0.0237388,0.0008966681,0.025581809
5879,0.998229,1.487722e-08,0.0017683255
208284,0.0025630754,0.014283915,0.0023407333
6162,0.7205192,0.08281607,0.00082966546
47441,0.0143755125,0.0005364101,0.00058739446
24169,0.956607,3.8779875e-05,6.8045224e-06
46520,0.042208165,0.41760537,0.0030129626
122239,0.91275126,0.00013496775,0.000534215
49255,0.0006888956,0.0016078082,0.018908203
122213,0.9999497,4.9546266e-05,1.8981135e-07
49248,0.0026818214,0.015468131,0.000362596
122183,0.13244657,0.86660206,0.00074869435
122200,0.99907035,9.7263055e-06,0.0009103087
168656,0.18570639,0.0008404801,0.00022195494
209055,0.74094385,0.00013471063,0.00043247914
7636,0.081573695,0.03816722,0.0052435114
214818,0.0066594356,0.00080486824,0.00047572277
40761,1.0,3.3750805e-21,9.44402e-16
214810,0.090187036,0.00030285367,0.00025437278
208417,0.0005534107,0.003366255,0.00027687484
6718,0.98611253,1.4698893e-05,2.9179087e-06
208436,0.00524272,0.009194015,0.00050054677
23165,0.50825286,0.01180542,8.506837e-05
208254,0.39639437,0.024097817,0.00011466369
28358,0.0036626451,0.0035477218,0.0028197733
208271,0.624225,0.000110613226,0.00033829673
168617,0.0025702857,0.00057304185,0.00043887508
48944,0.4563639,0.00027340988,0.0005760109
208283,0.008932123,0.0021330242,0.0001725355
36513,0.012214349,0.0011585144,0.006693234
36545,0.0021935925,0.0002997114,0.00039894658
208422,0.0041811774,0.00082246156,0.00039580284
208293,0.09905364,0.00015032277,0.0004976074
40779,0.24209182,0.35024583,0.054984376
168530,0.9949269,1.1965333e-06,2.3367524e-05
15686,0.7930688,0.00858407,0.011532359
209058,0.9817459,6.283116e-06,5.8152695e-05
214803,0.005957256,0.00264055,0.00029018926
23171,0.27880228,0.00052611326,0.0001642569
6723,0.022260146,0.00017557688,0.00022685446
208980,0.990896,1.4726166e-06,1.3796435e-06
31648,0.009697487,0.0008168435,0.0009214692
48949,0.00040635015,0.12648536,0.0024115695
36533,0.58190644,9.338615e-05,0.00032293762
11783,0.013963429,0.00052358775,0.00048207983
46518,0.0034710455,0.0006651526,0.0004951257
46495,0.47785404,0.0003272539,0.0005960505
208314,0.00078512204,0.00060341455,0.0002424765
208396,0.00660602,0.016143862,0.06607773
49303,0.5835128,0.0012415136,0.00015854294
49269,0.01743442,0.00025897785,0.0178802
15218,0.6612715,0.003025274,0.00010076257
4246,0.9999638,4.6267985e-08,3.558762e-05
65802,0.011207695,0.00037616526,0.00038770388
168562,0.6477388,0.3083961,7.1910663e-06
12083,0.0003831647,0.0019938813,0.00048876257
46491,0.024135876,0.00021657787,0.00021992388
49318,0.016514122,0.005393883,0.0011047248
34812,0.0009850314,0.0005441218,0.00032145268
17284,0.00660602,0.016143862,0.06607773
168636,0.0024007508,0.012233493,0.008744636
65779,0.9789794,3.1494283e-06,3.8721696e-06
168635,0.11763751,0.06405285,0.0008804649
34830,1.0,7.511675e-19,4.128054e-17
214845,0.00285766,0.0010562836,0.0006225408
36567,0.0011907166,0.00070319104,0.00038350726
5881,1.0,4.6898887e-12,3.773261e-10
13225,0.0012953049,0.00044672482,0.0004710678
40782,0.89920276,0.10079216,7.6707965e-07
208318,0.013986328,0.008925006,0.0006110036
13226,0.004596069,0.00083233346,0.0005861098
208300,0.006544189,0.005911794,0.0001565189
208434,0.18677095,0.0002985644,0.00043422115
122242,0.0014730054,0.00045118807,0.00032364012
47451,0.9999887,1.0476819e-05,2.8864765e-08
208224,0.9872255,0.00019343295,0.0007668804
214814,0.003746959,0.0005754376,0.0008064368
50439,0.9698455,1.3190386e-05,1.1101817e-05
214826,0.029526588,0.00054422364,0.0019810311
46477,0.14549476,0.00022651594,0.00013750025
47439,0.8566057,8.831666e-05,0.0010791237
208200,0.0063391635,0.0002679223,0.00040806585
51854,0.25346637,0.00014164094,0.00012533285
49297,0.07406013,0.11373303,0.00631566
24170,0.003422739,0.00043403546,0.00028711278
34798,0.999958,1.8687178e-10,4.1100157e-05
208265,0.090187036,0.00030285367,0.00025437278
11777,0.14349891,0.00086195226,0.0042095785
208320,0.3325959,0.00010059539,0.00077513803
51872,0.0143132,0.0082415715,0.00064242946
5880,0.47112146,0.029620163,0.0008362807
24173,0.0015581175,0.00095606124,0.0013250002
208285,0.001574959,0.0006927411,0.00054462516
214892,0.0023242473,0.00085790135,0.0040162373
46503,0.037713885,0.0022916512,0.00035113128
168537,0.035941694,0.001955188,0.00020321221
214844,0.0011117762,0.0023974176,0.00045489063
34804,0.9837928,0.003992701,2.479415e-05
47436,0.025732016,0.00073835044,0.00027309213
34793,0.94303215,7.408261e-06,0.056959447
168571,0.28538898,0.017897094,0.00032365497
214824,0.00962209,0.0022250963,0.00016385053
23172,0.012319522,0.00027235385,0.0035234366
214838,0.01380183,0.00021470763,0.000356361
208412,0.5416488,7.550288e-05,0.000119935874
208313,0.14601874,0.004572566,0.005119597
34831,0.7367572,5.0532097e-05,0.00022647002
36542,0.001440905,0.0015599962,0.0037031753
15682,0.9932645,0.00074026413,0.0033704108
168644,0.9947087,0.0050967946,2.8162985e-05
65794,0.081248656,0.0023815692,0.00014058044
208424,0.047344923,0.001523333,0.00033674634
50446,0.00089573336,0.1751896,0.0009454301
15663,0.6234905,0.0020545505,0.0027185704
49252,0.018016243,0.001597882,0.00016253305
122245,0.21626583,0.0075915284,0.48230684
208427,0.112930514,0.004103895,0.00035238764
208323,0.029152146,0.00015092421,0.00027419312
208346,0.27293888,0.00055688777,0.0013781947
208202,0.14704849,0.00045930123,0.000472876
65808,0.00081380864,0.9972058,0.00019741005
208227,0.036886502,0.0012998937,0.00033246598
10556,0.037375353,0.027702693,0.00019417846
19609,0.98348594,0.010432468,3.735114e-05
168595,0.83896387,0.0019960636,0.00029141892
168599,0.8992528,0.077118054,3.5581709e-06
168536,0.8009275,4.0072297e-05,0.00016062734
46489,0.29657948,0.0005220279,0.00012337319
15217,0.019153407,0.0018096401,0.00030444737
209063,0.10032304,0.0010026955,0.0002843039
208983,0.5373673,0.0028146422,0.00024014906
208973,0.052787375,0.0067332536,0.00044181253
51904,0.1210359,0.0003556043,0.00091409165
19602,0.99996763,3.2357184e-05,1.648669e-10
168633,0.40142092,0.005126063,0.02694449
31638,0.065595865,0.00023995698,0.0012178452
208294,0.077787645,0.00051135494,0.0033884249
168575,0.3325959,0.00010059539,0.00077513803
19695,0.96257734,2.4332241e-05,0.0009546883
122170,0.022522677,0.0010489309,0.0003764957
168613,0.0022018435,0.00082656526,0.00075297855
214822,0.025547573,0.00030969337,0.00036625052
65800,0.13118798,0.00013601083,0.00020262663
15488,0.08087289,0.00069677824,0.00068808364
208411,0.052595682,0.00085085136,0.00076099223
208333,0.1656616,0.0009992804,0.00058445893
34790,1.0,2.471447e-14,4.2150517e-13
46480,0.0038071699,0.002479706,0.00021356416
12781,0.29830644,0.036976196,0.00014882445
47467,0.0014974305,0.0007386688,0.00031395003
208199,0.0120085105,0.00034605915,0.00078414945
209085,0.017626619,0.10421005,0.00015171104
214793,0.0026374902,0.000665985,0.00097149896
122199,0.019491276,0.0002999103,0.0014907545
214794,0.0021372528,0.00029963662,0.0010944981
122177,0.9847258,2.1334105e-05,6.3339044e-06
40785,1.0,1.4069429e-15,1.4282986e-26
15661,0.16434824,0.009174116,0.0036109681
214853,0.014822729,0.00020094466,0.0003745078
49254,0.0001938678,0.004810873,0.0012195923
214834,0.068183705,0.0010924439,0.0010902382
214816,0.1514216,0.00014054791,0.00020641707
6159,0.8207736,0.13851176,0.0014177216
23185,0.006868702,0.008421859,0.0021413646
46499,0.024037099,0.0014190497,0.0003530438
4245,0.9915603,0.008438528,2.7138088e-07
47454,0.00089254364,0.00036388802,0.00045931255
214788,0.006969945,0.00093280704,0.0002266768
122190,0.879322,6.33086e-05,6.0136295e-05
19610,0.72951263,5.7263707e-05,0.005577064
15658,0.5967966,0.0021021743,0.0044532404
